model,feature_mode,image_size,size_label,cv_score,val_accuracy,val_f1,test_accuracy,test_f1,train_time_s
XGBoost,hog_color_texture,128x128,upscaled,0.8950264550264551,0.8995061728395062,0.8949762461764527,0.9076543209876543,0.9032566306054368,3961.3936715126038
