model,split,accuracy,macro_precision,macro_recall,macro_f1
ResNet18_aug,test,0.9814814814814816,0.9807729056923046,0.9807333333333332,0.9807346782093104
