model,split,accuracy,macro_precision,macro_recall,macro_f1
RandomForest_hog,test,0.6232098765432099,0.618855331983746,0.5976444444444444,0.5861705819956358
SVM_hog,test,0.5958024691358025,0.5874873604095463,0.5800000000000001,0.5808563846029207
