model,split,accuracy,macro_precision,macro_recall,macro_f1
RandomForest_hog_color_texture,test,0.8488888888888889,0.8414595549354218,0.841911111111111,0.838480119427809
