model,split,accuracy,macro_precision,macro_recall,macro_f1
RandomForest_hog_color,val,0.8214814814814815,0.8119293119367323,0.8127333333333334,0.8106530166235197
