model,split,accuracy,macro_precision,macro_recall,macro_f1
XGBoost_hog,val,0.7009876543209876,0.6971330300481362,0.6887333333333332,0.6916387456234282
