model,split,accuracy,macro_precision,macro_recall,macro_f1
XGBoost_hog_color_texture,test,0.9098765432098765,0.9060627036274684,0.9065111111111112,0.9060539095977577
